<annotation>
	<folder>S</folder>
	<filename>1645712159.3772218.jpg</filename>
	<path>C:\Users\roger\Desktop\SIBITCH\selected-50\S\1645712159.3772218.jpg</path>
	<source>
		<database>Unknown</database>
	</source>
	<size>
		<width>250</width>
		<height>250</height>
		<depth>1</depth>
	</size>
	<segmented>0</segmented>
	<object>
		<name>S</name>
		<pose>Unspecified</pose>
		<truncated>1</truncated>
		<difficult>0</difficult>
		<bndbox>
			<xmin>84</xmin>
			<ymin>85</ymin>
			<xmax>192</xmax>
			<ymax>250</ymax>
		</bndbox>
	</object>
</annotation>
