<annotation>
	<folder>G</folder>
	<filename>1645713733.8091867.jpg</filename>
	<path>F:\College\Bangkit\Photo\G\1645713733.8091867.jpg</path>
	<source>
		<database>Unknown</database>
	</source>
	<size>
		<width>250</width>
		<height>250</height>
		<depth>1</depth>
	</size>
	<segmented>0</segmented>
	<object>
		<name>G</name>
		<pose>Unspecified</pose>
		<truncated>1</truncated>
		<difficult>0</difficult>
		<bndbox>
			<xmin>1</xmin>
			<ymin>88</ymin>
			<xmax>188</xmax>
			<ymax>229</ymax>
		</bndbox>
	</object>
</annotation>
