<annotation>
	<folder>T</folder>
	<filename>1645946990.9618585_T.jpg</filename>
	<path>C:\Users\roger\Desktop\SIBITCH\selected-50\T\1645946990.9618585_T.jpg</path>
	<source>
		<database>Unknown</database>
	</source>
	<size>
		<width>250</width>
		<height>250</height>
		<depth>1</depth>
	</size>
	<segmented>0</segmented>
	<object>
		<name>T</name>
		<pose>Unspecified</pose>
		<truncated>0</truncated>
		<difficult>0</difficult>
		<bndbox>
			<xmin>47</xmin>
			<ymin>45</ymin>
			<xmax>202</xmax>
			<ymax>230</ymax>
		</bndbox>
	</object>
</annotation>
