<annotation>
	<folder>W</folder>
	<filename>1645708744.4181592.jpg</filename>
	<path>C:\Users\roger\Desktop\SIBITCH\selected-50\W\1645708744.4181592.jpg</path>
	<source>
		<database>Unknown</database>
	</source>
	<size>
		<width>250</width>
		<height>250</height>
		<depth>1</depth>
	</size>
	<segmented>0</segmented>
	<object>
		<name>W</name>
		<pose>Unspecified</pose>
		<truncated>0</truncated>
		<difficult>0</difficult>
		<bndbox>
			<xmin>44</xmin>
			<ymin>52</ymin>
			<xmax>229</xmax>
			<ymax>244</ymax>
		</bndbox>
	</object>
</annotation>
