<annotation>
	<folder>Y</folder>
	<filename>1645714745.340411.jpg</filename>
	<path>C:\Users\roger\Desktop\SIBITCH\selected-50\Y\1645714745.340411.jpg</path>
	<source>
		<database>Unknown</database>
	</source>
	<size>
		<width>250</width>
		<height>250</height>
		<depth>1</depth>
	</size>
	<segmented>0</segmented>
	<object>
		<name>Y</name>
		<pose>Unspecified</pose>
		<truncated>0</truncated>
		<difficult>0</difficult>
		<bndbox>
			<xmin>10</xmin>
			<ymin>80</ymin>
			<xmax>222</xmax>
			<ymax>238</ymax>
		</bndbox>
	</object>
</annotation>
