<annotation>
	<folder>O</folder>
	<filename>1645946878.3119087_X.jpg</filename>
	<path>C:\Users\m\Desktop\Bangkit Project\Handsight\Tensorflow\workspace\images\labeling\O\1645946878.3119087_X.jpg</path>
	<source>
		<database>Unknown</database>
	</source>
	<size>
		<width>250</width>
		<height>250</height>
		<depth>1</depth>
	</size>
	<segmented>0</segmented>
	<object>
		<name>O</name>
		<pose>Unspecified</pose>
		<truncated>0</truncated>
		<difficult>0</difficult>
		<bndbox>
			<xmin>68</xmin>
			<ymin>52</ymin>
			<xmax>246</xmax>
			<ymax>232</ymax>
		</bndbox>
	</object>
</annotation>
