<annotation>
	<folder>Y</folder>
	<filename>1645712306.9122026.jpg</filename>
	<path>C:\Users\roger\Desktop\SIBITCH\selected-50\Y\1645712306.9122026.jpg</path>
	<source>
		<database>Unknown</database>
	</source>
	<size>
		<width>250</width>
		<height>250</height>
		<depth>1</depth>
	</size>
	<segmented>0</segmented>
	<object>
		<name>Y</name>
		<pose>Unspecified</pose>
		<truncated>0</truncated>
		<difficult>0</difficult>
		<bndbox>
			<xmin>26</xmin>
			<ymin>91</ymin>
			<xmax>247</xmax>
			<ymax>243</ymax>
		</bndbox>
	</object>
</annotation>
