<annotation>
	<folder>W</folder>
	<filename>1645708731.6006005.jpg</filename>
	<path>C:\Users\roger\Desktop\SIBITCH\selected-50\W\1645708731.6006005.jpg</path>
	<source>
		<database>Unknown</database>
	</source>
	<size>
		<width>250</width>
		<height>250</height>
		<depth>1</depth>
	</size>
	<segmented>0</segmented>
	<object>
		<name>W</name>
		<pose>Unspecified</pose>
		<truncated>1</truncated>
		<difficult>0</difficult>
		<bndbox>
			<xmin>37</xmin>
			<ymin>54</ymin>
			<xmax>216</xmax>
			<ymax>250</ymax>
		</bndbox>
	</object>
</annotation>
