<annotation>
	<folder>U</folder>
	<filename>1645716102.5856314.jpg</filename>
	<path>C:\Users\roger\Desktop\SIBITCH\selected-50\U\1645716102.5856314.jpg</path>
	<source>
		<database>Unknown</database>
	</source>
	<size>
		<width>250</width>
		<height>250</height>
		<depth>1</depth>
	</size>
	<segmented>0</segmented>
	<object>
		<name>U</name>
		<pose>Unspecified</pose>
		<truncated>0</truncated>
		<difficult>0</difficult>
		<bndbox>
			<xmin>19</xmin>
			<ymin>30</ymin>
			<xmax>154</xmax>
			<ymax>246</ymax>
		</bndbox>
	</object>
</annotation>
