<annotation>
	<folder>D</folder>
	<filename>1645708029.858583.jpg</filename>
	<path>F:\College\Bangkit\Photo\D\1645708029.858583.jpg</path>
	<source>
		<database>Unknown</database>
	</source>
	<size>
		<width>250</width>
		<height>250</height>
		<depth>1</depth>
	</size>
	<segmented>0</segmented>
	<object>
		<name>D</name>
		<pose>Unspecified</pose>
		<truncated>1</truncated>
		<difficult>0</difficult>
		<bndbox>
			<xmin>23</xmin>
			<ymin>37</ymin>
			<xmax>203</xmax>
			<ymax>250</ymax>
		</bndbox>
	</object>
</annotation>
