<annotation>
	<folder>S</folder>
	<filename>1645714457.2715611.jpg</filename>
	<path>C:\Users\roger\Desktop\SIBITCH\selected-50\S\1645714457.2715611.jpg</path>
	<source>
		<database>Unknown</database>
	</source>
	<size>
		<width>250</width>
		<height>250</height>
		<depth>1</depth>
	</size>
	<segmented>0</segmented>
	<object>
		<name>S</name>
		<pose>Unspecified</pose>
		<truncated>0</truncated>
		<difficult>0</difficult>
		<bndbox>
			<xmin>11</xmin>
			<ymin>59</ymin>
			<xmax>171</xmax>
			<ymax>236</ymax>
		</bndbox>
	</object>
</annotation>
