<annotation>
	<folder>X</folder>
	<filename>1645708831.3300738.jpg</filename>
	<path>C:\Users\roger\Desktop\SIBITCH\selected-50\X\1645708831.3300738.jpg</path>
	<source>
		<database>Unknown</database>
	</source>
	<size>
		<width>250</width>
		<height>250</height>
		<depth>1</depth>
	</size>
	<segmented>0</segmented>
	<object>
		<name>X</name>
		<pose>Unspecified</pose>
		<truncated>0</truncated>
		<difficult>0</difficult>
		<bndbox>
			<xmin>66</xmin>
			<ymin>86</ymin>
			<xmax>229</xmax>
			<ymax>242</ymax>
		</bndbox>
	</object>
</annotation>
