<annotation>
	<folder>O</folder>
	<filename>1645708891.952656.jpg</filename>
	<path>C:\Users\m\Desktop\Bangkit Project\Handsight\Tensorflow\workspace\images\labeling\O\1645708891.952656.jpg</path>
	<source>
		<database>Unknown</database>
	</source>
	<size>
		<width>250</width>
		<height>250</height>
		<depth>1</depth>
	</size>
	<segmented>0</segmented>
	<object>
		<name>O</name>
		<pose>Unspecified</pose>
		<truncated>1</truncated>
		<difficult>0</difficult>
		<bndbox>
			<xmin>83</xmin>
			<ymin>95</ymin>
			<xmax>238</xmax>
			<ymax>250</ymax>
		</bndbox>
	</object>
</annotation>
