<annotation>
	<folder>U</folder>
	<filename>1645708693.1861997.jpg</filename>
	<path>C:\Users\roger\Desktop\SIBITCH\selected-50\U\1645708693.1861997.jpg</path>
	<source>
		<database>Unknown</database>
	</source>
	<size>
		<width>250</width>
		<height>250</height>
		<depth>1</depth>
	</size>
	<segmented>0</segmented>
	<object>
		<name>U</name>
		<pose>Unspecified</pose>
		<truncated>1</truncated>
		<difficult>0</difficult>
		<bndbox>
			<xmin>103</xmin>
			<ymin>38</ymin>
			<xmax>237</xmax>
			<ymax>250</ymax>
		</bndbox>
	</object>
</annotation>
