<annotation>
	<folder>Q</folder>
	<filename>1645708579.7276635.jpg</filename>
	<path>C:\Users\m\Desktop\Bangkit Project\Handsight\Tensorflow\workspace\images\labeling\Q\1645708579.7276635.jpg</path>
	<source>
		<database>Unknown</database>
	</source>
	<size>
		<width>250</width>
		<height>250</height>
		<depth>1</depth>
	</size>
	<segmented>0</segmented>
	<object>
		<name>Q</name>
		<pose>Unspecified</pose>
		<truncated>0</truncated>
		<difficult>0</difficult>
		<bndbox>
			<xmin>44</xmin>
			<ymin>32</ymin>
			<xmax>210</xmax>
			<ymax>232</ymax>
		</bndbox>
	</object>
</annotation>
