<annotation>
	<folder>X</folder>
	<filename>1645716285.138215.jpg</filename>
	<path>C:\Users\roger\Desktop\SIBITCH\selected-50\X\1645716285.138215.jpg</path>
	<source>
		<database>Unknown</database>
	</source>
	<size>
		<width>250</width>
		<height>250</height>
		<depth>1</depth>
	</size>
	<segmented>0</segmented>
	<object>
		<name>X</name>
		<pose>Unspecified</pose>
		<truncated>1</truncated>
		<difficult>0</difficult>
		<bndbox>
			<xmin>35</xmin>
			<ymin>85</ymin>
			<xmax>168</xmax>
			<ymax>250</ymax>
		</bndbox>
	</object>
</annotation>
