<annotation>
	<folder>M</folder>
	<filename>1645708442.5313394.jpg</filename>
	<path>C:\Users\m\Desktop\Bangkit Project\Handsight\Tensorflow\workspace\images\labeling\M\1645708442.5313394.jpg</path>
	<source>
		<database>Unknown</database>
	</source>
	<size>
		<width>250</width>
		<height>250</height>
		<depth>1</depth>
	</size>
	<segmented>0</segmented>
	<object>
		<name>M</name>
		<pose>Unspecified</pose>
		<truncated>1</truncated>
		<difficult>0</difficult>
		<bndbox>
			<xmin>102</xmin>
			<ymin>82</ymin>
			<xmax>212</xmax>
			<ymax>250</ymax>
		</bndbox>
	</object>
</annotation>
