<annotation>
	<folder>U</folder>
	<filename>1645712295.0896087.jpg</filename>
	<path>C:\Users\roger\Desktop\SIBITCH\selected-50\U\1645712295.0896087.jpg</path>
	<source>
		<database>Unknown</database>
	</source>
	<size>
		<width>250</width>
		<height>250</height>
		<depth>1</depth>
	</size>
	<segmented>0</segmented>
	<object>
		<name>U</name>
		<pose>Unspecified</pose>
		<truncated>0</truncated>
		<difficult>0</difficult>
		<bndbox>
			<xmin>43</xmin>
			<ymin>15</ymin>
			<xmax>163</xmax>
			<ymax>243</ymax>
		</bndbox>
	</object>
</annotation>
