<annotation>
	<folder>A</folder>
	<filename>1645946424.594725_M.jpg</filename>
	<path>F:\College\Bangkit\Photo\A\1645946424.594725_M.jpg</path>
	<source>
		<database>Unknown</database>
	</source>
	<size>
		<width>250</width>
		<height>250</height>
		<depth>1</depth>
	</size>
	<segmented>0</segmented>
	<object>
		<name>A</name>
		<pose>Unspecified</pose>
		<truncated>1</truncated>
		<difficult>0</difficult>
		<bndbox>
			<xmin>87</xmin>
			<ymin>52</ymin>
			<xmax>208</xmax>
			<ymax>250</ymax>
		</bndbox>
	</object>
</annotation>
