<annotation>
	<folder>G</folder>
	<filename>1645713714.2304819.jpg</filename>
	<path>F:\College\Bangkit\Photo\G\1645713714.2304819.jpg</path>
	<source>
		<database>Unknown</database>
	</source>
	<size>
		<width>250</width>
		<height>250</height>
		<depth>1</depth>
	</size>
	<segmented>0</segmented>
	<object>
		<name>G</name>
		<pose>Unspecified</pose>
		<truncated>1</truncated>
		<difficult>0</difficult>
		<bndbox>
			<xmin>1</xmin>
			<ymin>64</ymin>
			<xmax>187</xmax>
			<ymax>250</ymax>
		</bndbox>
	</object>
</annotation>
