<annotation>
	<folder>S</folder>
	<filename>1645946983.8936386_S.jpg</filename>
	<path>C:\Users\roger\Desktop\SIBITCH\selected-50\S\1645946983.8936386_S.jpg</path>
	<source>
		<database>Unknown</database>
	</source>
	<size>
		<width>250</width>
		<height>250</height>
		<depth>1</depth>
	</size>
	<segmented>0</segmented>
	<object>
		<name>S</name>
		<pose>Unspecified</pose>
		<truncated>0</truncated>
		<difficult>0</difficult>
		<bndbox>
			<xmin>19</xmin>
			<ymin>28</ymin>
			<xmax>172</xmax>
			<ymax>223</ymax>
		</bndbox>
	</object>
</annotation>
