<annotation>
	<folder>T</folder>
	<filename>1645716159.8517287.jpg</filename>
	<path>C:\Users\roger\Desktop\SIBITCH\selected-50\T\1645716159.8517287.jpg</path>
	<source>
		<database>Unknown</database>
	</source>
	<size>
		<width>250</width>
		<height>250</height>
		<depth>1</depth>
	</size>
	<segmented>0</segmented>
	<object>
		<name>T</name>
		<pose>Unspecified</pose>
		<truncated>1</truncated>
		<difficult>0</difficult>
		<bndbox>
			<xmin>77</xmin>
			<ymin>87</ymin>
			<xmax>199</xmax>
			<ymax>250</ymax>
		</bndbox>
	</object>
</annotation>
