<annotation>
	<folder>V</folder>
	<filename>1645714584.446306.jpg</filename>
	<path>C:\Users\roger\Desktop\SIBITCH\selected-50\V\1645714584.446306.jpg</path>
	<source>
		<database>Unknown</database>
	</source>
	<size>
		<width>250</width>
		<height>250</height>
		<depth>1</depth>
	</size>
	<segmented>0</segmented>
	<object>
		<name>V</name>
		<pose>Unspecified</pose>
		<truncated>1</truncated>
		<difficult>0</difficult>
		<bndbox>
			<xmin>56</xmin>
			<ymin>48</ymin>
			<xmax>209</xmax>
			<ymax>250</ymax>
		</bndbox>
	</object>
</annotation>
