<annotation>
	<folder>H</folder>
	<filename>1645712012.4172072.jpg</filename>
	<path>F:\College\Bangkit\Photo\H\1645712012.4172072.jpg</path>
	<source>
		<database>Unknown</database>
	</source>
	<size>
		<width>250</width>
		<height>250</height>
		<depth>1</depth>
	</size>
	<segmented>0</segmented>
	<object>
		<name>H</name>
		<pose>Unspecified</pose>
		<truncated>0</truncated>
		<difficult>0</difficult>
		<bndbox>
			<xmin>21</xmin>
			<ymin>96</ymin>
			<xmax>228</xmax>
			<ymax>220</ymax>
		</bndbox>
	</object>
</annotation>
