<annotation>
	<folder>T</folder>
	<filename>1645708683.3126705.jpg</filename>
	<path>C:\Users\roger\Desktop\SIBITCH\selected-50\T\1645708683.3126705.jpg</path>
	<source>
		<database>Unknown</database>
	</source>
	<size>
		<width>250</width>
		<height>250</height>
		<depth>1</depth>
	</size>
	<segmented>0</segmented>
	<object>
		<name>T</name>
		<pose>Unspecified</pose>
		<truncated>0</truncated>
		<difficult>0</difficult>
		<bndbox>
			<xmin>55</xmin>
			<ymin>92</ymin>
			<xmax>212</xmax>
			<ymax>245</ymax>
		</bndbox>
	</object>
</annotation>
