<annotation>
	<folder>G</folder>
	<filename>1645713739.996469.jpg</filename>
	<path>F:\College\Bangkit\Photo\G\1645713739.996469.jpg</path>
	<source>
		<database>Unknown</database>
	</source>
	<size>
		<width>250</width>
		<height>250</height>
		<depth>1</depth>
	</size>
	<segmented>0</segmented>
	<object>
		<name>G</name>
		<pose>Unspecified</pose>
		<truncated>0</truncated>
		<difficult>0</difficult>
		<bndbox>
			<xmin>22</xmin>
			<ymin>75</ymin>
			<xmax>232</xmax>
			<ymax>222</ymax>
		</bndbox>
	</object>
</annotation>
