<annotation>
	<folder>R</folder>
	<filename>1645946949.435837_R.jpg</filename>
	<path>C:\Users\roger\Desktop\SIBITCH\selected-50\R\1645946949.435837_R.jpg</path>
	<source>
		<database>Unknown</database>
	</source>
	<size>
		<width>250</width>
		<height>250</height>
		<depth>1</depth>
	</size>
	<segmented>0</segmented>
	<object>
		<name>R</name>
		<pose>Unspecified</pose>
		<truncated>0</truncated>
		<difficult>0</difficult>
		<bndbox>
			<xmin>96</xmin>
			<ymin>58</ymin>
			<xmax>209</xmax>
			<ymax>249</ymax>
		</bndbox>
	</object>
</annotation>
