<annotation>
	<folder>U</folder>
	<filename>1645708690.0157537.jpg</filename>
	<path>C:\Users\roger\Desktop\SIBITCH\selected-50\U\1645708690.0157537.jpg</path>
	<source>
		<database>Unknown</database>
	</source>
	<size>
		<width>250</width>
		<height>250</height>
		<depth>1</depth>
	</size>
	<segmented>0</segmented>
	<object>
		<name>U</name>
		<pose>Unspecified</pose>
		<truncated>0</truncated>
		<difficult>0</difficult>
		<bndbox>
			<xmin>90</xmin>
			<ymin>48</ymin>
			<xmax>235</xmax>
			<ymax>247</ymax>
		</bndbox>
	</object>
</annotation>
