<annotation>
	<folder>V</folder>
	<filename>1645712188.784827.jpg</filename>
	<path>C:\Users\roger\Desktop\SIBITCH\selected-50\V\1645712188.784827.jpg</path>
	<source>
		<database>Unknown</database>
	</source>
	<size>
		<width>250</width>
		<height>250</height>
		<depth>1</depth>
	</size>
	<segmented>0</segmented>
	<object>
		<name>V</name>
		<pose>Unspecified</pose>
		<truncated>0</truncated>
		<difficult>0</difficult>
		<bndbox>
			<xmin>55</xmin>
			<ymin>48</ymin>
			<xmax>184</xmax>
			<ymax>246</ymax>
		</bndbox>
	</object>
</annotation>
