<annotation>
	<folder>B</folder>
	<filename>1645713098.0791771.jpg</filename>
	<path>F:\College\Bangkit\Photo\B\1645713098.0791771.jpg</path>
	<source>
		<database>Unknown</database>
	</source>
	<size>
		<width>250</width>
		<height>250</height>
		<depth>1</depth>
	</size>
	<segmented>0</segmented>
	<object>
		<name>B</name>
		<pose>Unspecified</pose>
		<truncated>1</truncated>
		<difficult>0</difficult>
		<bndbox>
			<xmin>95</xmin>
			<ymin>47</ymin>
			<xmax>246</xmax>
			<ymax>250</ymax>
		</bndbox>
	</object>
</annotation>
