<annotation>
	<folder>E</folder>
	<filename>1645708078.147196.jpg</filename>
	<path>F:\College\Bangkit\Photo\E\1645708078.147196.jpg</path>
	<source>
		<database>Unknown</database>
	</source>
	<size>
		<width>250</width>
		<height>250</height>
		<depth>1</depth>
	</size>
	<segmented>0</segmented>
	<object>
		<name>E</name>
		<pose>Unspecified</pose>
		<truncated>1</truncated>
		<difficult>0</difficult>
		<bndbox>
			<xmin>35</xmin>
			<ymin>54</ymin>
			<xmax>180</xmax>
			<ymax>250</ymax>
		</bndbox>
	</object>
</annotation>
