<annotation>
	<folder>G</folder>
	<filename>1645715729.0969937.jpg</filename>
	<path>F:\College\Bangkit\Photo\G\1645715729.0969937.jpg</path>
	<source>
		<database>Unknown</database>
	</source>
	<size>
		<width>250</width>
		<height>250</height>
		<depth>1</depth>
	</size>
	<segmented>0</segmented>
	<object>
		<name>G</name>
		<pose>Unspecified</pose>
		<truncated>0</truncated>
		<difficult>0</difficult>
		<bndbox>
			<xmin>17</xmin>
			<ymin>23</ymin>
			<xmax>195</xmax>
			<ymax>150</ymax>
		</bndbox>
	</object>
</annotation>
