<annotation>
	<folder>C</folder>
	<filename>1645709180.021086.jpg</filename>
	<path>F:\College\Bangkit\Photo\C\1645709180.021086.jpg</path>
	<source>
		<database>Unknown</database>
	</source>
	<size>
		<width>250</width>
		<height>250</height>
		<depth>1</depth>
	</size>
	<segmented>0</segmented>
	<object>
		<name>C</name>
		<pose>Unspecified</pose>
		<truncated>1</truncated>
		<difficult>0</difficult>
		<bndbox>
			<xmin>3</xmin>
			<ymin>83</ymin>
			<xmax>176</xmax>
			<ymax>250</ymax>
		</bndbox>
	</object>
</annotation>
