<annotation>
	<folder>H</folder>
	<filename>1645708284.258278.jpg</filename>
	<path>F:\College\Bangkit\Photo\H\1645708284.258278.jpg</path>
	<source>
		<database>Unknown</database>
	</source>
	<size>
		<width>250</width>
		<height>250</height>
		<depth>1</depth>
	</size>
	<segmented>0</segmented>
	<object>
		<name>H</name>
		<pose>Unspecified</pose>
		<truncated>1</truncated>
		<difficult>0</difficult>
		<bndbox>
			<xmin>1</xmin>
			<ymin>103</ymin>
			<xmax>248</xmax>
			<ymax>250</ymax>
		</bndbox>
	</object>
</annotation>
