<annotation>
	<folder>M</folder>
	<filename>1645708450.9177694.jpg</filename>
	<path>C:\Users\m\Desktop\Bangkit Project\Handsight\Tensorflow\workspace\images\labeling\M\1645708450.9177694.jpg</path>
	<source>
		<database>Unknown</database>
	</source>
	<size>
		<width>250</width>
		<height>250</height>
		<depth>1</depth>
	</size>
	<segmented>0</segmented>
	<object>
		<name>M</name>
		<pose>Unspecified</pose>
		<truncated>0</truncated>
		<difficult>0</difficult>
		<bndbox>
			<xmin>44</xmin>
			<ymin>103</ymin>
			<xmax>189</xmax>
			<ymax>244</ymax>
		</bndbox>
	</object>
</annotation>
