<annotation>
	<folder>S</folder>
	<filename>1645946986.184615_A.jpg</filename>
	<path>C:\Users\roger\Desktop\SIBITCH\selected-50\S\1645946986.184615_A.jpg</path>
	<source>
		<database>Unknown</database>
	</source>
	<size>
		<width>250</width>
		<height>250</height>
		<depth>1</depth>
	</size>
	<segmented>0</segmented>
	<object>
		<name>S</name>
		<pose>Unspecified</pose>
		<truncated>0</truncated>
		<difficult>0</difficult>
		<bndbox>
			<xmin>28</xmin>
			<ymin>36</ymin>
			<xmax>184</xmax>
			<ymax>224</ymax>
		</bndbox>
	</object>
</annotation>
