<annotation>
	<folder>S</folder>
	<filename>1645714392.392871.jpg</filename>
	<path>C:\Users\roger\Desktop\SIBITCH\selected-50\S\1645714392.392871.jpg</path>
	<source>
		<database>Unknown</database>
	</source>
	<size>
		<width>250</width>
		<height>250</height>
		<depth>1</depth>
	</size>
	<segmented>0</segmented>
	<object>
		<name>S</name>
		<pose>Unspecified</pose>
		<truncated>0</truncated>
		<difficult>0</difficult>
		<bndbox>
			<xmin>68</xmin>
			<ymin>81</ymin>
			<xmax>182</xmax>
			<ymax>239</ymax>
		</bndbox>
	</object>
</annotation>
