<annotation>
	<folder>F</folder>
	<filename>1645715718.2356014.jpg</filename>
	<path>F:\College\Bangkit\Photo\F\1645715718.2356014.jpg</path>
	<source>
		<database>Unknown</database>
	</source>
	<size>
		<width>250</width>
		<height>250</height>
		<depth>1</depth>
	</size>
	<segmented>0</segmented>
	<object>
		<name>F</name>
		<pose>Unspecified</pose>
		<truncated>1</truncated>
		<difficult>0</difficult>
		<bndbox>
			<xmin>100</xmin>
			<ymin>53</ymin>
			<xmax>232</xmax>
			<ymax>250</ymax>
		</bndbox>
	</object>
</annotation>
