<annotation>
	<folder>R</folder>
	<filename>1645708625.5628152.jpg</filename>
	<path>C:\Users\roger\Desktop\SIBITCH\selected-50\R\1645708625.5628152.jpg</path>
	<source>
		<database>Unknown</database>
	</source>
	<size>
		<width>250</width>
		<height>250</height>
		<depth>1</depth>
	</size>
	<segmented>0</segmented>
	<object>
		<name>R</name>
		<pose>Unspecified</pose>
		<truncated>1</truncated>
		<difficult>0</difficult>
		<bndbox>
			<xmin>61</xmin>
			<ymin>39</ymin>
			<xmax>179</xmax>
			<ymax>250</ymax>
		</bndbox>
	</object>
</annotation>
