<annotation>
	<folder>E</folder>
	<filename>1645708090.547138.jpg</filename>
	<path>F:\College\Bangkit\Photo\E\1645708090.547138.jpg</path>
	<source>
		<database>Unknown</database>
	</source>
	<size>
		<width>250</width>
		<height>250</height>
		<depth>1</depth>
	</size>
	<segmented>0</segmented>
	<object>
		<name>E</name>
		<pose>Unspecified</pose>
		<truncated>0</truncated>
		<difficult>0</difficult>
		<bndbox>
			<xmin>93</xmin>
			<ymin>53</ymin>
			<xmax>249</xmax>
			<ymax>249</ymax>
		</bndbox>
	</object>
</annotation>
