<annotation>
	<folder>G</folder>
	<filename>1645946694.0821612_G.jpg</filename>
	<path>F:\College\Bangkit\Photo\G\1645946694.0821612_G.jpg</path>
	<source>
		<database>Unknown</database>
	</source>
	<size>
		<width>250</width>
		<height>250</height>
		<depth>1</depth>
	</size>
	<segmented>0</segmented>
	<object>
		<name>G</name>
		<pose>Unspecified</pose>
		<truncated>0</truncated>
		<difficult>0</difficult>
		<bndbox>
			<xmin>27</xmin>
			<ymin>78</ymin>
			<xmax>249</xmax>
			<ymax>241</ymax>
		</bndbox>
	</object>
</annotation>
