<annotation>
	<folder>A</folder>
	<filename>1645712996.4594138.jpg</filename>
	<path>F:\College\Bangkit\Photo\A\1645712996.4594138.jpg</path>
	<source>
		<database>Unknown</database>
	</source>
	<size>
		<width>250</width>
		<height>250</height>
		<depth>1</depth>
	</size>
	<segmented>0</segmented>
	<object>
		<name>A</name>
		<pose>Unspecified</pose>
		<truncated>1</truncated>
		<difficult>0</difficult>
		<bndbox>
			<xmin>42</xmin>
			<ymin>39</ymin>
			<xmax>216</xmax>
			<ymax>250</ymax>
		</bndbox>
	</object>
</annotation>
